id_ligne;source_fichier;page_source_pdf;ordre_dans_page;code_niveau_1;libelle_niveau_1;code_niveau_2;libelle_niveau_2;niveau_3;niveau_4;niveau_5;equipement;sypemi_mini_annees;sypemi_reference_annees;sypemi_maxi_annees;votre_proposition_mini_annees;votre_proposition_reference_annees;votre_proposition_maxi_annees;fiche_cee
1;Guide de durée de vie d'un matériel .pdf;5;1;A.1;Ouvrages;A.1.0;Le Gros-Œuvre, la Structure en Béton Armé ou Précontraint ou en Métal;;;;Mur, plancher, terrasse;;100;;;;;
2;Guide de durée de vie d'un matériel .pdf;5;2;A.1;Ouvrages;A.1.0;Le Gros-Œuvre, la Structure en Béton Armé ou Précontraint ou en Métal;;;;Poteau, poutre;;100;;;;;
3;Guide de durée de vie d'un matériel .pdf;5;3;A.1;Ouvrages;A.1.0;Le Gros-Œuvre, la Structure en Béton Armé ou Précontraint ou en Métal;;;;Escalier;;100;;;;;
4;Guide de durée de vie d'un matériel .pdf;5;4;A.1;Ouvrages;A.1.1;Le Clos et Couvert du Bâtiment;Façades et maçonneries (pierre, brique, enduit ciment, matériaux collés, bardage);;;Mur rideau;;50;;;;;
5;Guide de durée de vie d'un matériel .pdf;5;5;A.1;Ouvrages;A.1.1;Le Clos et Couvert du Bâtiment;Façades et maçonneries (pierre, brique, enduit ciment, matériaux collés, bardage);;;Bardage métallique simple ou double peau, laquage renforcé;;50;;;;;
6;Guide de durée de vie d'un matériel .pdf;5;6;A.1;Ouvrages;A.1.1;Le Clos et Couvert du Bâtiment;Façades et maçonneries (pierre, brique, enduit ciment, matériaux collés, bardage);;;Bac acier prélaqué;;40;;;;;
7;Guide de durée de vie d'un matériel .pdf;5;7;A.1;Ouvrages;A.1.1;Le Clos et Couvert du Bâtiment;Façades et maçonneries (pierre, brique, enduit ciment, matériaux collés, bardage);;;Enduit extérieur;10;15;30;;;;
8;Guide de durée de vie d'un matériel .pdf;5;8;A.1;Ouvrages;A.1.1;Le Clos et Couvert du Bâtiment;Façades et maçonneries (pierre, brique, enduit ciment, matériaux collés, bardage);;;Verrière;;30;;;;;
9;Guide de durée de vie d'un matériel .pdf;5;9;A.1;Ouvrages;A.1.1;Le Clos et Couvert du Bâtiment;Toitures (tuiles, ardoise, bacs métalliques, zinc, etc.).;;;Couverture tuile terre cuite;15;20;50;;;;
10;Guide de durée de vie d'un matériel .pdf;5;10;A.1;Ouvrages;A.1.1;Le Clos et Couvert du Bâtiment;Toitures (tuiles, ardoise, bacs métalliques, zinc, etc.).;;;Couverture tuile béton;25;30;50;;;;
11;Guide de durée de vie d'un matériel .pdf;5;11;A.1;Ouvrages;A.1.1;Le Clos et Couvert du Bâtiment;Toitures (tuiles, ardoise, bacs métalliques, zinc, etc.).;;;Couverture ardoise;20;25;40;;;;
12;Guide de durée de vie d'un matériel .pdf;5;12;A.1;Ouvrages;A.1.1;Le Clos et Couvert du Bâtiment;Toitures (tuiles, ardoise, bacs métalliques, zinc, etc.).;;;Couverture zinc;35;40;60;;;;
13;Guide de durée de vie d'un matériel .pdf;5;13;A.1;Ouvrages;A.1.1;Le Clos et Couvert du Bâtiment;Toitures (tuiles, ardoise, bacs métalliques, zinc, etc.).;;;Couverture cuivre;60;70;100;;;;
14;Guide de durée de vie d'un matériel .pdf;5;14;A.1;Ouvrages;A.1.1;Le Clos et Couvert du Bâtiment;Toitures (tuiles, ardoise, bacs métalliques, zinc, etc.).;;;Couverture bacs acier ou aluminium;20;25;35;;;;
15;Guide de durée de vie d'un matériel .pdf;5;15;A.1;Ouvrages;A.1.1;Le Clos et Couvert du Bâtiment;Terrasses (bitume où asphalte avec autoprotection par feuilles métalliques ou gravillons, membranes PVC, etc.);;;Etanchéité multicouche;;15;;;;;
16;Guide de durée de vie d'un matériel .pdf;5;16;A.1;Ouvrages;A.1.1;Le Clos et Couvert du Bâtiment;Terrasses (bitume où asphalte avec autoprotection par feuilles métalliques ou gravillons, membranes PVC, etc.);;;Relevé d'étanchéité;;10;;;;;
17;Guide de durée de vie d'un matériel .pdf;5;17;A.1;Ouvrages;A.1.1;Le Clos et Couvert du Bâtiment;Terrasses (bitume où asphalte avec autoprotection par feuilles métalliques ou gravillons, membranes PVC, etc.);;;Lanterneau pour accès / désenfumage / éclairage;15;20;25;;;;
18;Guide de durée de vie d'un matériel .pdf;5;18;A.1;Ouvrages;A.1.1;Le Clos et Couvert du Bâtiment;Eau pluviale (gouttières - chêneaux, tuyauterie, etc.);;;PVC;;25;;;;;
19;Guide de durée de vie d'un matériel .pdf;5;19;A.1;Ouvrages;A.1.1;Le Clos et Couvert du Bâtiment;Eau pluviale (gouttières - chêneaux, tuyauterie, etc.);;;Zinc;;30;;;;;
20;Guide de durée de vie d'un matériel .pdf;5;20;A.1;Ouvrages;A.1.1;Le Clos et Couvert du Bâtiment;Eau pluviale (gouttières - chêneaux, tuyauterie, etc.);;;Cuivre;;40;;;;;
21;Guide de durée de vie d'un matériel .pdf;5;21;A.1;Ouvrages;A.1.1;Le Clos et Couvert du Bâtiment;Isolation;;;Isolation des murs;;30;;;;;BAT-EN-102
22;Guide de durée de vie d'un matériel .pdf;5;22;A.1;Ouvrages;A.1.1;Le Clos et Couvert du Bâtiment;Isolation;;;Isolation d'un plancher;;30;;;;;BAT-EN-103
23;Guide de durée de vie d'un matériel .pdf;5;23;A.1;Ouvrages;A.1.1;Le Clos et Couvert du Bâtiment;Isolation;;;Isolation des toitures terrasses;;30;;;;;BAT-EN-107
24;Guide de durée de vie d'un matériel .pdf;5;24;A.1;Ouvrages;A.1.1;Le Clos et Couvert du Bâtiment;Isolation;;;Isolation de combles ou de toitures;;30;;;;;BAT-EN-101
25;Guide de durée de vie d'un matériel .pdf;5;25;A.1;Ouvrages;A.1.1;Le Clos et Couvert du Bâtiment;Menuiseries et serrureries extérieures (châssis vitrés fixes, fenêtres, porte fenêtres, portes, etc.);;;Bloc-porte acier;20;25;35;;;;
26;Guide de durée de vie d'un matériel .pdf;5;26;A.1;Ouvrages;A.1.1;Le Clos et Couvert du Bâtiment;Menuiseries et serrureries extérieures (châssis vitrés fixes, fenêtres, porte fenêtres, portes, etc.);;;Bloc-porte aluminium;15;20;30;;;;
27;Guide de durée de vie d'un matériel .pdf;5;27;A.1;Ouvrages;A.1.1;Le Clos et Couvert du Bâtiment;Menuiseries et serrureries extérieures (châssis vitrés fixes, fenêtres, porte fenêtres, portes, etc.);;;Vitrage;40;45;50;;;;
28;Guide de durée de vie d'un matériel .pdf;5;28;A.1;Ouvrages;A.1.1;Le Clos et Couvert du Bâtiment;Menuiseries et serrureries extérieures (châssis vitrés fixes, fenêtres, porte fenêtres, portes, etc.);;;Store interieur d'occultation à manœuvre électrique;10;15;20;;;;
29;Guide de durée de vie d'un matériel .pdf;5;29;A.1;Ouvrages;A.1.1;Le Clos et Couvert du Bâtiment;Menuiseries et serrureries extérieures (châssis vitrés fixes, fenêtres, porte fenêtres, portes, etc.);;;Fenêtre ou porte fenêtre complète avec vitrage isolant (battant);20;24;30;;;;BAT-EN-104
30;Guide de durée de vie d'un matériel .pdf;5;30;A.1;Ouvrages;A.1.1;Le Clos et Couvert du Bâtiment;Menuiseries et serrureries extérieures (châssis vitrés fixes, fenêtres, porte fenêtres, portes, etc.);;;Fenêtre ou porte fenêtre complète avec vitrage isolant (coulissant);15;20;25;;;;
31;Guide de durée de vie d'un matériel .pdf;5;31;A.1;Ouvrages;A.1.1;Le Clos et Couvert du Bâtiment;Menuiseries et serrureries extérieures (châssis vitrés fixes, fenêtres, porte fenêtres, portes, etc.);;;Volets, persiennes (battant);30;35;40;;;;
32;Guide de durée de vie d'un matériel .pdf;5;32;A.1;Ouvrages;A.1.1;Le Clos et Couvert du Bâtiment;Menuiseries et serrureries extérieures (châssis vitrés fixes, fenêtres, porte fenêtres, portes, etc.);;;Volets, persiennes (coulissant);15;20;25;;;;
33;Guide de durée de vie d'un matériel .pdf;5;33;A.1;Ouvrages;A.1.2;Les Aménagements Extérieurs;Voirie – Parkings (voies de circulation et de stationnement des véhicules, trottoirs, bordures et caniveaux);;;Bordures;;50;;;;;
34;Guide de durée de vie d'un matériel .pdf;5;34;A.1;Ouvrages;A.1.2;Les Aménagements Extérieurs;Voirie – Parkings (voies de circulation et de stationnement des véhicules, trottoirs, bordures et caniveaux);;;Chaussée;;35;;;;;
35;Guide de durée de vie d'un matériel .pdf;5;35;A.1;Ouvrages;A.1.2;Les Aménagements Extérieurs;Voirie – Parkings (voies de circulation et de stationnement des véhicules, trottoirs, bordures et caniveaux);;;Evergreen;;35;;;;;
36;Guide de durée de vie d'un matériel .pdf;5;36;A.1;Ouvrages;A.1.2;Les Aménagements Extérieurs;Voirie – Parkings (voies de circulation et de stationnement des véhicules, trottoirs, bordures et caniveaux);;;Bandes de délimitation parking en peinture;;6;;;;;
37;Guide de durée de vie d'un matériel .pdf;5;37;A.1;Ouvrages;A.1.2;Les Aménagements Extérieurs;Voirie – Parkings (voies de circulation et de stationnement des véhicules, trottoirs, bordures et caniveaux);;;Bandes podotactiles;;6;;;;;
38;Guide de durée de vie d'un matériel .pdf;5;38;A.1;Ouvrages;A.1.2;Les Aménagements Extérieurs;Voirie – Parkings (voies de circulation et de stationnement des véhicules, trottoirs, bordures et caniveaux);;;Passage piétons;;6;;;;;
39;Guide de durée de vie d'un matériel .pdf;5;39;A.1;Ouvrages;A.1.2;Les Aménagements Extérieurs;Voirie – Parkings (voies de circulation et de stationnement des véhicules, trottoirs, bordures et caniveaux);;;Panneau de signalisation;15;20;30;;;;
40;Guide de durée de vie d'un matériel .pdf;5;40;A.1;Ouvrages;A.1.2;Les Aménagements Extérieurs;Espaces verts;;;Arbre tige haute 10/20;;35;;;;;
41;Guide de durée de vie d'un matériel .pdf;5;41;A.1;Ouvrages;A.1.2;Les Aménagements Extérieurs;Espaces verts;;;Engazonnement;15;25;40;;;;
42;Guide de durée de vie d'un matériel .pdf;5;42;A.1;Ouvrages;A.1.2;Les Aménagements Extérieurs;Espaces verts;;;Haie;15;25;40;;;;
43;Guide de durée de vie d'un matériel .pdf;5;43;A.1;Ouvrages;A.1.2;Les Aménagements Extérieurs;Espaces verts;;;Mobilier de jardin (Hors PVC);10;15;40;;;;
44;Guide de durée de vie d'un matériel .pdf;5;44;A.1;Ouvrages;A.1.2;Les Aménagements Extérieurs;Clôtures (grillages, palissades, murs , portails et portillons);;;Grillage, palissade;5;8;20;;;;
45;Guide de durée de vie d'un matériel .pdf;5;45;A.1;Ouvrages;A.1.2;Les Aménagements Extérieurs;Clôtures (grillages, palissades, murs , portails et portillons);;;Mur;30;40;50;;;;
46;Guide de durée de vie d'un matériel .pdf;5;46;A.1;Ouvrages;A.1.2;Les Aménagements Extérieurs;Clôtures (grillages, palissades, murs , portails et portillons);;;Portail piétons ou véhicules (Non motorisé);10;15;20;;;;
47;Guide de durée de vie d'un matériel .pdf;5;47;A.1;Ouvrages;A.1.2;Les Aménagements Extérieurs;Arrosage automatique (disconnecteurs, canalisations, aspergeurs, goutteurs programmateurs);;;Réseau enterré;8;10;15;;;;
48;Guide de durée de vie d'un matériel .pdf;5;48;A.1;Ouvrages;A.1.2;Les Aménagements Extérieurs;Arrosage automatique (disconnecteurs, canalisations, aspergeurs, goutteurs programmateurs);;;Aspergeurs, goutteurs;3;4;5;;;;
49;Guide de durée de vie d'un matériel .pdf;5;49;A.1;Ouvrages;A.1.2;Les Aménagements Extérieurs;Arrosage automatique (disconnecteurs, canalisations, aspergeurs, goutteurs programmateurs);;;Disconnecteur;15;20;25;;;;
50;Guide de durée de vie d'un matériel .pdf;5;50;A.1;Ouvrages;A.1.2;Les Aménagements Extérieurs;Réseau d'alimentation gaz;;;Coffret gaz;;30;;;;;
51;Guide de durée de vie d'un matériel .pdf;5;51;A.1;Ouvrages;A.1.2;Les Aménagements Extérieurs;Réseau d'alimentation gaz;;;Tube PEHD Gaz sous fourreau ventilé;;50;;;;;
52;Guide de durée de vie d'un matériel .pdf;5;52;A.1;Ouvrages;A.1.2;Les Aménagements Extérieurs;Réseaux d’assainissement enterrés (bouches d’engouffrement, bacs de décantation, canalisations, regards et tampons de visites);;;Canalisations;;30;;;;;
53;Guide de durée de vie d'un matériel .pdf;5;53;A.1;Ouvrages;A.1.2;Les Aménagements Extérieurs;Réseaux d’assainissement enterrés (bouches d’engouffrement, bacs de décantation, canalisations, regards et tampons de visites);;;Regards;;50;;;;;
54;Guide de durée de vie d'un matériel .pdf;5;54;A.1;Ouvrages;A.1.2;Les Aménagements Extérieurs;Bassins et fosses d’eaux pluviales;;;Canalisations;;30;;;;;
55;Guide de durée de vie d'un matériel .pdf;5;55;A.1;Ouvrages;A.1.2;Les Aménagements Extérieurs;Bassins et fosses d’eaux pluviales;;;Regards;;50;;;;;
56;Guide de durée de vie d'un matériel .pdf;5;56;A.1;Ouvrages;A.1.2;Les Aménagements Extérieurs;Fosse de séparation des hydrocarbures (fosse de débourbage, séparateur);;;Canalisations;;30;;;;;
57;Guide de durée de vie d'un matériel .pdf;5;57;A.1;Ouvrages;A.1.2;Les Aménagements Extérieurs;Fosse de séparation des hydrocarbures (fosse de débourbage, séparateur);;;Regards;;50;;;;;
58;Guide de durée de vie d'un matériel .pdf;5;58;A.1;Ouvrages;A.1.2;Les Aménagements Extérieurs;Pompe d’exhaure, de relevage;;;Pompe;5;10;15;;;;
59;Guide de durée de vie d'un matériel .pdf;5;59;A.1;Ouvrages;A.1.2;Les Aménagements Extérieurs;Cuve fuel enterrée;;;Cuve Acier;;25;;;;;
60;Guide de durée de vie d'un matériel .pdf;6;1;A.1;Ouvrages;A.1.3;Les Aménagements Intérieurs et les petits travaux de Second-Œuvre;Menuiseries et serrureries intérieures (châssis vitrés fixes, portes, cloisons amovibles);;;Bloc-porte bois;20;25;35;;;;
61;Guide de durée de vie d'un matériel .pdf;6;2;A.1;Ouvrages;A.1.3;Les Aménagements Intérieurs et les petits travaux de Second-Œuvre;Menuiseries et serrureries intérieures (châssis vitrés fixes, portes, cloisons amovibles);;;Châssis intérieur menuisé;;100;;;;;
62;Guide de durée de vie d'un matériel .pdf;6;3;A.1;Ouvrages;A.1.3;Les Aménagements Intérieurs et les petits travaux de Second-Œuvre;Menuiseries et serrureries intérieures (châssis vitrés fixes, portes, cloisons amovibles);;;Escalier et marches en bois;;50;;;;;
63;Guide de durée de vie d'un matériel .pdf;6;4;A.1;Ouvrages;A.1.3;Les Aménagements Intérieurs et les petits travaux de Second-Œuvre;Menuiseries et serrureries intérieures (châssis vitrés fixes, portes, cloisons amovibles);;;Escalier et marches métalliques;;50;;;;;
64;Guide de durée de vie d'un matériel .pdf;6;5;A.1;Ouvrages;A.1.3;Les Aménagements Intérieurs et les petits travaux de Second-Œuvre;Menuiseries et serrureries intérieures (châssis vitrés fixes, portes, cloisons amovibles);;;Echelle ou passerelle métalliques;;50;;;;;
65;Guide de durée de vie d'un matériel .pdf;6;6;A.1;Ouvrages;A.1.3;Les Aménagements Intérieurs et les petits travaux de Second-Œuvre;Menuiseries et serrureries intérieures (châssis vitrés fixes, portes, cloisons amovibles);;;Garde-corps et main-courante;;35;;;;;
66;Guide de durée de vie d'un matériel .pdf;6;7;A.1;Ouvrages;A.1.3;Les Aménagements Intérieurs et les petits travaux de Second-Œuvre;Menuiseries et serrureries intérieures (châssis vitrés fixes, portes, cloisons amovibles);;;Portes de sas d'entrée;;20;;;;;
67;Guide de durée de vie d'un matériel .pdf;6;8;A.1;Ouvrages;A.1.3;Les Aménagements Intérieurs et les petits travaux de Second-Œuvre;Menuiseries et serrureries intérieures (châssis vitrés fixes, portes, cloisons amovibles);;;Porte métallique d'issue de secours;;50;;;;;
68;Guide de durée de vie d'un matériel .pdf;6;9;A.1;Ouvrages;A.1.3;Les Aménagements Intérieurs et les petits travaux de Second-Œuvre;Menuiseries et serrureries intérieures (châssis vitrés fixes, portes, cloisons amovibles);;;Grilles de ventilation;;25;;;;;
69;Guide de durée de vie d'un matériel .pdf;6;10;A.1;Ouvrages;A.1.3;Les Aménagements Intérieurs et les petits travaux de Second-Œuvre;Murs, plafonds et cloisons préfabriquées (bruts, enduits, peints, recouverts de matériaux collés, tendus ou agrafés, etc.);;;Cloisons légères;;30;;;;;
70;Guide de durée de vie d'un matériel .pdf;6;11;A.1;Ouvrages;A.1.3;Les Aménagements Intérieurs et les petits travaux de Second-Œuvre;Murs, plafonds et cloisons préfabriquées (bruts, enduits, peints, recouverts de matériaux collés, tendus ou agrafés, etc.);;;Cloisons en carreaux de plâtre ou en plaques de plâtre;;50;;;;;
71;Guide de durée de vie d'un matériel .pdf;6;12;A.1;Ouvrages;A.1.3;Les Aménagements Intérieurs et les petits travaux de Second-Œuvre;Murs, plafonds et cloisons préfabriquées (bruts, enduits, peints, recouverts de matériaux collés, tendus ou agrafés, etc.);;;Cloisons mobiles ou cloisons modulables;10;12;15;;;;
72;Guide de durée de vie d'un matériel .pdf;6;13;A.1;Ouvrages;A.1.3;Les Aménagements Intérieurs et les petits travaux de Second-Œuvre;Faux plafonds suspendus (dalles ignifugées, etc.);;;Faux-plafond métallique;;40;;;;;
73;Guide de durée de vie d'un matériel .pdf;6;14;A.1;Ouvrages;A.1.3;Les Aménagements Intérieurs et les petits travaux de Second-Œuvre;Faux plafonds suspendus (dalles ignifugées, etc.);;;Faux-plafond fibre minérale;;30;;;;;
74;Guide de durée de vie d'un matériel .pdf;6;15;A.1;Ouvrages;A.1.3;Les Aménagements Intérieurs et les petits travaux de Second-Œuvre;Faux-plancher;;;Faux-plancher en locaux techniques;;30;;;;;
75;Guide de durée de vie d'un matériel .pdf;6;16;A.1;Ouvrages;A.1.3;Les Aménagements Intérieurs et les petits travaux de Second-Œuvre;Revêtements;;;Peinture murs et cloisons;;10;;;;;
76;Guide de durée de vie d'un matériel .pdf;6;17;A.1;Ouvrages;A.1.3;Les Aménagements Intérieurs et les petits travaux de Second-Œuvre;Revêtements;;;Peintures menuiseries bois ou métal;;10;;;;;
77;Guide de durée de vie d'un matériel .pdf;6;18;A.1;Ouvrages;A.1.3;Les Aménagements Intérieurs et les petits travaux de Second-Œuvre;Revêtements;;;Carrelage, faïence;30;35;40;;;;
78;Guide de durée de vie d'un matériel .pdf;6;19;A.1;Ouvrages;A.1.3;Les Aménagements Intérieurs et les petits travaux de Second-Œuvre;Revêtements;;;Sol moquette;5;8;12;;;;
79;Guide de durée de vie d'un matériel .pdf;6;20;A.1;Ouvrages;A.1.3;Les Aménagements Intérieurs et les petits travaux de Second-Œuvre;Revêtements;;;Sol PVC;8;10;15;;;;
80;Guide de durée de vie d'un matériel .pdf;6;21;A.2;Installations et équipements;A.2.1;Les installations de Plomberie Sanitaire;Distribution;;;Réseau;;30;;;;;
81;Guide de durée de vie d'un matériel .pdf;6;22;A.2;Installations et équipements;A.2.1;Les installations de Plomberie Sanitaire;Distribution;;;Disconnecteur, clapet;15;20;25;;;;
82;Guide de durée de vie d'un matériel .pdf;6;23;A.2;Installations et équipements;A.2.1;Les installations de Plomberie Sanitaire;Distribution;;;Vanne;10;15;20;;;;
83;Guide de durée de vie d'un matériel .pdf;6;24;A.2;Installations et équipements;A.2.1;Les installations de Plomberie Sanitaire;Distribution;;;Robinetterie;10;15;20;;;;
84;Guide de durée de vie d'un matériel .pdf;6;25;A.2;Installations et équipements;A.2.1;Les installations de Plomberie Sanitaire;Distribution;;;Soupape;12;15;20;;;;
85;Guide de durée de vie d'un matériel .pdf;6;26;A.2;Installations et équipements;A.2.1;Les installations de Plomberie Sanitaire;Distribution;;;Régulateur de débit, limiteur de pression (Robinet Thermostatique);15;20;25;;;;BAT-TH-104
86;Guide de durée de vie d'un matériel .pdf;6;27;A.2;Installations et équipements;A.2.1;Les installations de Plomberie Sanitaire;Distribution;;;Systèmes hydro-économes (Mousseur);;6;;;;;BAT-EQ-133
87;Guide de durée de vie d'un matériel .pdf;6;28;A.2;Installations et équipements;A.2.1;Les installations de Plomberie Sanitaire;Distribution;;;Manomètre, thermomètre;;20;;;;;
88;Guide de durée de vie d'un matériel .pdf;6;29;A.2;Installations et équipements;A.2.1;Les installations de Plomberie Sanitaire;Distribution;;;Pompes, surpresseur;;20;;;;;
89;Guide de durée de vie d'un matériel .pdf;6;30;A.2;Installations et équipements;A.2.1;Les installations de Plomberie Sanitaire;Traitement d’eau (adoucisseur, traitement anticorrosion);;;Adoucisseur;10;12;15;;;;
90;Guide de durée de vie d'un matériel .pdf;6;31;A.2;Installations et équipements;A.2.1;Les installations de Plomberie Sanitaire;Traitement d’eau (adoucisseur, traitement anticorrosion);;;Bac à sel;10;12;15;;;;
91;Guide de durée de vie d'un matériel .pdf;6;32;A.2;Installations et équipements;A.2.1;Les installations de Plomberie Sanitaire;Traitement d’eau (adoucisseur, traitement anticorrosion);;;Pompe doseuse;4;5;6;;;;
92;Guide de durée de vie d'un matériel .pdf;6;33;A.2;Installations et équipements;A.2.1;Les installations de Plomberie Sanitaire;Traitement d’eau (adoucisseur, traitement anticorrosion);;;Filtre à sable;10;12;15;;;;
93;Guide de durée de vie d'un matériel .pdf;6;34;A.2;Installations et équipements;A.2.1;Les installations de Plomberie Sanitaire;Eau chaude sanitaire (chauffe-eau électrique, à gaz ou autre, vannes, tuyauteries, maintien en température);;;Chauffe-eau solaire collectif (Logement collectif);15;22;22;;;;BAR-TH-102
94;Guide de durée de vie d'un matériel .pdf;6;35;A.2;Installations et équipements;A.2.1;Les installations de Plomberie Sanitaire;Eau chaude sanitaire (chauffe-eau électrique, à gaz ou autre, vannes, tuyauteries, maintien en température);;;Chauffe-eau solaire individuel;12;20;20;;;;BAR-TH-101
95;Guide de durée de vie d'un matériel .pdf;6;36;A.2;Installations et équipements;A.2.1;Les installations de Plomberie Sanitaire;Eau chaude sanitaire (chauffe-eau électrique, à gaz ou autre, vannes, tuyauteries, maintien en température);;;Chauffe-eau thermodynamique individuel à accumulation;10;17;17;;;;BAR-TH-148
96;Guide de durée de vie d'un matériel .pdf;6;37;A.2;Installations et équipements;A.2.1;Les installations de Plomberie Sanitaire;Eau chaude sanitaire (chauffe-eau électrique, à gaz ou autre, vannes, tuyauteries, maintien en température);;;Chauffe-eau électrique à accumulateur, certifié NF Electricité performance de catégorie C;10;12;15;;;;
97;Guide de durée de vie d'un matériel .pdf;6;38;A.2;Installations et équipements;A.2.1;Les installations de Plomberie Sanitaire;Eau chaude sanitaire (chauffe-eau électrique, à gaz ou autre, vannes, tuyauteries, maintien en température);;;Ballon de stockage d'eau chaude;15;20;22;;;;
98;Guide de durée de vie d'un matériel .pdf;6;39;A.2;Installations et équipements;A.2.1;Les installations de Plomberie Sanitaire;Eau chaude sanitaire (chauffe-eau électrique, à gaz ou autre, vannes, tuyauteries, maintien en température);;;Calorifuge réseau ECS;20;20;25;;;;BAR-TH-131
99;Guide de durée de vie d'un matériel .pdf;6;40;A.2;Installations et équipements;A.2.1;Les installations de Plomberie Sanitaire;Eaux usées (canalisation, pompes de relevages, fosse de séparation des graisses);;;Siphon de sol fonte à cloche;40;45;50;;;;
100;Guide de durée de vie d'un matériel .pdf;6;41;A.2;Installations et équipements;A.2.1;Les installations de Plomberie Sanitaire;Eaux usées (canalisation, pompes de relevages, fosse de séparation des graisses);;;Séparateur à fécules;10;17;20;;;;
101;Guide de durée de vie d'un matériel .pdf;6;42;A.2;Installations et équipements;A.2.1;Les installations de Plomberie Sanitaire;Eaux usées (canalisation, pompes de relevages, fosse de séparation des graisses);;;Séparateur à graisses;10;17;20;;;;
102;Guide de durée de vie d'un matériel .pdf;6;43;A.2;Installations et équipements;A.2.1;Les installations de Plomberie Sanitaire;Eaux usées (canalisation, pompes de relevages, fosse de séparation des graisses);;;Regard;40;45;50;;;;
103;Guide de durée de vie d'un matériel .pdf;6;44;A.2;Installations et équipements;A.2.1;Les installations de Plomberie Sanitaire;Appareillage sanitaire (cuvettes et réservoirs ou robinets de chasse pour WC, urinoirs et robinetteries, lavabos et robinetterie, siphons et divers);;;Chasse d'eau;5;8;10;;;;
104;Guide de durée de vie d'un matériel .pdf;6;45;A.2;Installations et équipements;A.2.1;Les installations de Plomberie Sanitaire;Appareillage sanitaire (cuvettes et réservoirs ou robinets de chasse pour WC, urinoirs et robinetteries, lavabos et robinetterie, siphons et divers);;;Appareil sanitaire;;30;;;;;
105;Guide de durée de vie d'un matériel .pdf;6;46;A.2;Installations et équipements;A.2.1;Les installations de Plomberie Sanitaire;Appareillage sanitaire (cuvettes et réservoirs ou robinets de chasse pour WC, urinoirs et robinetteries, lavabos et robinetterie, siphons et divers);;;Robinetterie sanitaire;10;15;20;;;;
106;Guide de durée de vie d'un matériel .pdf;6;47;A.2;Installations et équipements;A.2.1;Les installations de Plomberie Sanitaire;Appareillage sanitaire (cuvettes et réservoirs ou robinets de chasse pour WC, urinoirs et robinetteries, lavabos et robinetterie, siphons et divers);;;Siphon d'urinoir;5;10;12;;;;
107;Guide de durée de vie d'un matériel .pdf;7;1;A.2;Installations et équipements;A.2.2;Les installations d’Electricité – Courant Fort – Courant Faible;Courant fort :;;;Mise à la terre;;50;;;;;
108;Guide de durée de vie d'un matériel .pdf;7;2;A.2;Installations et équipements;A.2.2;Les installations d’Electricité – Courant Fort – Courant Faible;Courant fort :;Poste et réseau Haute Tension (HT);;Cellule HTA;;30;;;;;
109;Guide de durée de vie d'un matériel .pdf;7;3;A.2;Installations et équipements;A.2.2;Les installations d’Electricité – Courant Fort – Courant Faible;Courant fort :;Poste et réseau Haute Tension (HT);;Liaison HTA;;40;;;;;
110;Guide de durée de vie d'un matériel .pdf;7;4;A.2;Installations et équipements;A.2.2;Les installations d’Electricité – Courant Fort – Courant Faible;Courant fort :;Poste et réseau Haute Tension (HT);;Transformateur à haut rendement pour l'alimentation basse tension d'un site tertiaire;20;30;;;;;BAT-EQ-21
111;Guide de durée de vie d'un matériel .pdf;7;5;A.2;Installations et équipements;A.2.2;Les installations d’Electricité – Courant Fort – Courant Faible;Courant fort :;Distribution Basse Tension, TGBT, armoires divisionnaires, chemin de câbles, circuits et boîtes de dérivation, petit appareillage.;;TGBT;;40;;;;;
112;Guide de durée de vie d'un matériel .pdf;7;6;A.2;Installations et équipements;A.2.2;Les installations d’Electricité – Courant Fort – Courant Faible;Courant fort :;Distribution Basse Tension, TGBT, armoires divisionnaires, chemin de câbles, circuits et boîtes de dérivation, petit appareillage.;;Inverseurs de sources BT de 250 A à 1250 A;;25;;;;;
113;Guide de durée de vie d'un matériel .pdf;7;7;A.2;Installations et équipements;A.2.2;Les installations d’Electricité – Courant Fort – Courant Faible;Courant fort :;Distribution Basse Tension, TGBT, armoires divisionnaires, chemin de câbles, circuits et boîtes de dérivation, petit appareillage.;;Commutateur Statique (STS) et Commutateur de Transfert Automatique (ATS);8;12;15;;;;
114;Guide de durée de vie d'un matériel .pdf;7;8;A.2;Installations et équipements;A.2.2;Les installations d’Electricité – Courant Fort – Courant Faible;Courant fort :;Distribution Basse Tension, TGBT, armoires divisionnaires, chemin de câbles, circuits et boîtes de dérivation, petit appareillage.;;Disjoncteurs BT;10;20;30;;;;
115;Guide de durée de vie d'un matériel .pdf;7;9;A.2;Installations et équipements;A.2.2;Les installations d’Electricité – Courant Fort – Courant Faible;Courant fort :;Distribution Basse Tension, TGBT, armoires divisionnaires, chemin de câbles, circuits et boîtes de dérivation, petit appareillage.;;Tableaux électrique BT;;40;;;;;
116;Guide de durée de vie d'un matériel .pdf;7;10;A.2;Installations et équipements;A.2.2;Les installations d’Electricité – Courant Fort – Courant Faible;Courant fort :;Distribution Basse Tension, TGBT, armoires divisionnaires, chemin de câbles, circuits et boîtes de dérivation, petit appareillage.;;Condensateurs;5;10;15;;;;
117;Guide de durée de vie d'un matériel .pdf;7;11;A.2;Installations et équipements;A.2.2;Les installations d’Electricité – Courant Fort – Courant Faible;Courant fort :;Distribution Basse Tension, TGBT, armoires divisionnaires, chemin de câbles, circuits et boîtes de dérivation, petit appareillage.;;Câblage depuis TGBT;;40;;;;;
118;Guide de durée de vie d'un matériel .pdf;7;12;A.2;Installations et équipements;A.2.2;Les installations d’Electricité – Courant Fort – Courant Faible;Courant fort :;Distribution Basse Tension, TGBT, armoires divisionnaires, chemin de câbles, circuits et boîtes de dérivation, petit appareillage.;;Armoire électrique;12;35;;;;;
119;Guide de durée de vie d'un matériel .pdf;7;13;A.2;Installations et équipements;A.2.2;Les installations d’Electricité – Courant Fort – Courant Faible;Courant fort :;Distribution Basse Tension, TGBT, armoires divisionnaires, chemin de câbles, circuits et boîtes de dérivation, petit appareillage.;;Chemin de câbles;;50;;;;;
120;Guide de durée de vie d'un matériel .pdf;7;14;A.2;Installations et équipements;A.2.2;Les installations d’Electricité – Courant Fort – Courant Faible;Courant fort :;Distribution Basse Tension, TGBT, armoires divisionnaires, chemin de câbles, circuits et boîtes de dérivation, petit appareillage.;;Coffret de prises étanches 32A mono;;40;;;;;
121;Guide de durée de vie d'un matériel .pdf;7;15;A.2;Installations et équipements;A.2.2;Les installations d’Electricité – Courant Fort – Courant Faible;Courant fort :;Distribution Basse Tension, TGBT, armoires divisionnaires, chemin de câbles, circuits et boîtes de dérivation, petit appareillage.;;Coffret PC 16A-32A-63A;15;20;25;;;;
122;Guide de durée de vie d'un matériel .pdf;7;16;A.2;Installations et équipements;A.2.2;Les installations d’Electricité – Courant Fort – Courant Faible;Courant fort :;Moteur électrique;;Moteur premium de classe IE3 < 15kW;;15;;;;;IND-UT-123
123;Guide de durée de vie d'un matériel .pdf;7;17;A.2;Installations et équipements;A.2.2;Les installations d’Electricité – Courant Fort – Courant Faible;Courant fort :;Moteur électrique;;Moteur premium de classe IE3 >15kW;;20;;;;;IND-UT-123
124;Guide de durée de vie d'un matériel .pdf;7;18;A.2;Installations et équipements;A.2.2;Les installations d’Electricité – Courant Fort – Courant Faible;Courant fort :;Moteur électrique;;Moteur haut rendement IE2 < 15 KW;;15;;;;;IND-UT-112
125;Guide de durée de vie d'un matériel .pdf;7;19;A.2;Installations et équipements;A.2.2;Les installations d’Electricité – Courant Fort – Courant Faible;Courant fort :;Moteur électrique;;Moteur haut rendement IE2 > 15 KW;;20;;;;;IND-UT-112
126;Guide de durée de vie d'un matériel .pdf;7;20;A.2;Installations et équipements;A.2.2;Les installations d’Electricité – Courant Fort – Courant Faible;Courant fort :;Moteur électrique;;Système de variation électronique de vitesse sur un moteur asynchrone;;15;;;;;BAT-TH-112
127;Guide de durée de vie d'un matériel .pdf;7;21;A.2;Installations et équipements;A.2.2;Les installations d’Electricité – Courant Fort – Courant Faible;Courant fort :;Alimentation secourue ou protégée (Onduleurs, etc.);;TG Ondulé;;40;;;;;
128;Guide de durée de vie d'un matériel .pdf;7;22;A.2;Installations et équipements;A.2.2;Les installations d’Electricité – Courant Fort – Courant Faible;Courant fort :;Alimentation secourue ou protégée (Onduleurs, etc.);;Onduleur 10 kVA - 10 minutes;;15;;;;;
129;Guide de durée de vie d'un matériel .pdf;7;23;A.2;Installations et équipements;A.2.2;Les installations d’Electricité – Courant Fort – Courant Faible;Courant fort :;Alimentation secourue ou protégée (Onduleurs, etc.);;Batteries;3;7;10;;;;
130;Guide de durée de vie d'un matériel .pdf;7;24;A.2;Installations et équipements;A.2.2;Les installations d’Electricité – Courant Fort – Courant Faible;Courant fort :;Alimentation secourue ou protégée (Onduleurs, etc.);;Condensateurs;5;10;15;;;;
131;Guide de durée de vie d'un matériel .pdf;7;25;A.2;Installations et équipements;A.2.2;Les installations d’Electricité – Courant Fort – Courant Faible;Courant fort :;Alimentation secourue ou protégée (Onduleurs, etc.);;Groupe électrogène : moteur diesel + alternateur en standby;20;30;;;;;
132;Guide de durée de vie d'un matériel .pdf;7;26;A.2;Installations et équipements;A.2.2;Les installations d’Electricité – Courant Fort – Courant Faible;Courant fort :;Alimentation secourue ou protégée (Onduleurs, etc.);;Groupe électrogène : moteur diesel + alternateur + volant d'inertie tournant;;20;;;;;
133;Guide de durée de vie d'un matériel .pdf;7;27;A.2;Installations et équipements;A.2.2;Les installations d’Electricité – Courant Fort – Courant Faible;Courant fort - Eclairage :;;;Câblage éclairage;;40;;;;;
134;Guide de durée de vie d'un matériel .pdf;7;28;A.2;Installations et équipements;A.2.2;Les installations d’Electricité – Courant Fort – Courant Faible;Courant fort - Eclairage :;;;Appareil d'éclairage;;15;;;;;
135;Guide de durée de vie d'un matériel .pdf;7;29;A.2;Installations et équipements;A.2.2;Les installations d’Electricité – Courant Fort – Courant Faible;Courant fort - Eclairage :;Eclairage intérieur, extérieur, de sécurité;;Eclairage extérieur - Lampadaire, …;;25;;;;;
136;Guide de durée de vie d'un matériel .pdf;7;30;A.2;Installations et équipements;A.2.2;Les installations d’Electricité – Courant Fort – Courant Faible;Courant fort - Eclairage :;Eclairage intérieur, extérieur, de sécurité;;Eclairage de sécurité de type BAES;;10;;;;;BAT-EQ-10
137;Guide de durée de vie d'un matériel .pdf;7;31;A.2;Installations et équipements;A.2.2;Les installations d’Electricité – Courant Fort – Courant Faible;Courant fort - Eclairage :;Eclairage intérieur, extérieur, de sécurité;;Luminaire d'éclairage Général à modules LED (Sans automatisme);;13;;;;;BAT-EQ-127
138;Guide de durée de vie d'un matériel .pdf;7;32;A.2;Installations et équipements;A.2.2;Les installations d’Electricité – Courant Fort – Courant Faible;Courant fort - Eclairage :;Eclairage intérieur, extérieur, de sécurité;;Système de mise sur repos automatique de blocs autonomes d'éclairage de sécurité;;10;;;;;BAT-EQ-13
139;Guide de durée de vie d'un matériel .pdf;7;33;A.2;Installations et équipements;A.2.2;Les installations d’Electricité – Courant Fort – Courant Faible;Courant fort - Eclairage :;Eclairage intérieur, extérieur, de sécurité;;Luminaires pour tube fluorescent T5 électronique avec ou sans dispositif de contrôle (Eclairage bureaux);;15;;;;;BAT-EQ-01
140;Guide de durée de vie d'un matériel .pdf;7;34;A.2;Installations et équipements;A.2.2;Les installations d’Electricité – Courant Fort – Courant Faible;Courant fort - Eclairage :;Eclairage intérieur, extérieur, de sécurité;;Nappe d'éclairage fluorescent en tube T5;;10;;;;;BAT-EQ-11
141;Guide de durée de vie d'un matériel .pdf;7;35;A.2;Installations et équipements;A.2.2;Les installations d’Electricité – Courant Fort – Courant Faible;Courant fort - Eclairage :;Eclairage intérieur, extérieur, de sécurité;;Luminaires avec ballast électronique pour tube T8 avec ou sans dispositif de contrôle;;15;;;;;BAT-EQ-06
142;Guide de durée de vie d'un matériel .pdf;7;36;A.2;Installations et équipements;A.2.2;Les installations d’Electricité – Courant Fort – Courant Faible;Courant fort - Eclairage :;Eclairage intérieur, extérieur, de sécurité;;Luminaire pour lampe iodure métallique céramique à ballast électronique (Eclairage bureaux);;15;;;;;BAT-EQ-08
143;Guide de durée de vie d'un matériel .pdf;7;37;A.2;Installations et équipements;A.2.2;Les installations d’Electricité – Courant Fort – Courant Faible;Courant fort - Eclairage :;Eclairage intérieur, extérieur, de sécurité;;Luminaire pour lampe fluorescente compacte à ballast électronique séparé (Eclairage bureaux);;15;;;;;BAT-EQ-09
144;Guide de durée de vie d'un matériel .pdf;7;38;A.2;Installations et équipements;A.2.2;Les installations d’Electricité – Courant Fort – Courant Faible;Courant fort - Eclairage :;Eclairage intérieur, extérieur, de sécurité;;Horloge sur un dispositif d'éclairage;;15;;;;;BAT-EQ-02
145;Guide de durée de vie d'un matériel .pdf;7;39;A.2;Installations et équipements;A.2.2;Les installations d’Electricité – Courant Fort – Courant Faible;Courant fort - Eclairage :;Eclairage intérieur, extérieur, de sécurité;;Détecteur de présence sur un dispositif d'éclairage;5;7;;;;;
146;Guide de durée de vie d'un matériel .pdf;7;40;A.2;Installations et équipements;A.2.2;Les installations d’Electricité – Courant Fort – Courant Faible;Terminaux de chauffage :;;;Plancher rayonnant électrique et plafond rayonnant plâtre avec dispositif de réglage automatique;;30;;;;;BAR-TH-28
147;Guide de durée de vie d'un matériel .pdf;7;41;A.2;Installations et équipements;A.2.2;Les installations d’Electricité – Courant Fort – Courant Faible;Terminaux de chauffage :;;;Système solaire combiné (couplé à des émetteurs de chauffage de type basse température);;15;;;;;BAR-TH-43
148;Guide de durée de vie d'un matériel .pdf;7;42;A.2;Installations et équipements;A.2.2;Les installations d’Electricité – Courant Fort – Courant Faible;Courant Faible, hors Sûreté et Sécurité :;;;Coffret fibre optique (Amplificateur);;25;30;;;;
149;Guide de durée de vie d'un matériel .pdf;7;43;A.2;Installations et équipements;A.2.2;Les installations d’Electricité – Courant Fort – Courant Faible;Courant Faible, hors Sûreté et Sécurité :;;;Câblage fibre optique;;40;;;;;
150;Guide de durée de vie d'un matériel .pdf;7;44;A.2;Installations et équipements;A.2.2;Les installations d’Electricité – Courant Fort – Courant Faible;Courant Faible, hors Sûreté et Sécurité :;;;Câblage informatique;;40;;;;;
151;Guide de durée de vie d'un matériel .pdf;7;45;A.2;Installations et équipements;A.2.2;Les installations d’Electricité – Courant Fort – Courant Faible;Courant Faible, hors Sûreté et Sécurité :;;;Câblage téléphonique;;40;;;;;
152;Guide de durée de vie d'un matériel .pdf;7;46;A.2;Installations et équipements;A.2.2;Les installations d’Electricité – Courant Fort – Courant Faible;Courant Faible, hors Sûreté et Sécurité :;;;Antenne Wifi;;7;;;;;
153;Guide de durée de vie d'un matériel .pdf;7;47;A.2;Installations et équipements;A.2.2;Les installations d’Electricité – Courant Fort – Courant Faible;Courant Faible, hors Sûreté et Sécurité :;;;Détection de gaz;;16;;;;;
154;Guide de durée de vie d'un matériel .pdf;7;48;A.2;Installations et équipements;A.2.2;Les installations d’Electricité – Courant Fort – Courant Faible;Courant Faible, hors Sûreté et Sécurité :;;;Sonorisation d'ambiance (haut-parleurs);;20;;;;;
155;Guide de durée de vie d'un matériel .pdf;7;49;A.2;Installations et équipements;A.2.2;Les installations d’Electricité – Courant Fort – Courant Faible;Courant Faible, hors Sûreté et Sécurité :;;;Interphonie;6;8;10;;;;
156;Guide de durée de vie d'un matériel .pdf;7;50;A.2;Installations et équipements;A.2.2;Les installations d’Electricité – Courant Fort – Courant Faible;Courant Faible, hors Sûreté et Sécurité :;;;Vidéoprojecteur + écran;;10;15;;;;
157;Guide de durée de vie d'un matériel .pdf;7;51;A.2;Installations et équipements;A.2.2;Les installations d’Electricité – Courant Fort – Courant Faible;Gestion Technique Centralisée (GTB / GTC);;;Système de GTB pour un chauffage électrique dans bâtiment de grande taille;;12;;;;;BAT-th-16
158;Guide de durée de vie d'un matériel .pdf;7;52;A.2;Installations et équipements;A.2.2;Les installations d’Electricité – Courant Fort – Courant Faible;Gestion Technique Centralisée (GTB / GTC);;;Système de GTB;;15;;;;;
159;Guide de durée de vie d'un matériel .pdf;7;53;A.2;Installations et équipements;A.2.2;Les installations d’Electricité – Courant Fort – Courant Faible;Gestion Technique Centralisée (GTB / GTC);;;Moniteur de GTB;;15;;;;;
160;Guide de durée de vie d'un matériel .pdf;7;54;A.2;Installations et équipements;A.2.2;Les installations d’Electricité – Courant Fort – Courant Faible;Gestion Technique Centralisée (GTB / GTC);;;Réseau de GTB;;30;;;;;
161;Guide de durée de vie d'un matériel .pdf;7;55;A.2;Installations et équipements;A.2.2;Les installations d’Electricité – Courant Fort – Courant Faible;Gestion Technique Centralisée (GTB / GTC);;;Contôleur - Automate;;15;;;;;BAT-th-17
162;Guide de durée de vie d'un matériel .pdf;7;56;A.2;Installations et équipements;A.2.2;Les installations d’Electricité – Courant Fort – Courant Faible;Gestion Technique Centralisée (GTB / GTC);;;Point de GTB / GTC;;20;;;;;
163;Guide de durée de vie d'un matériel .pdf;8;1;A.2;Installations et équipements;A.2.3;Les installations de Chauffage – Ventilation – Climatisation;;Chaudières;;Chaudière de type condensation dans bâtiment de grande taille;;22;;;;;BAT-TH-102
164;Guide de durée de vie d'un matériel .pdf;8;2;A.2;Installations et équipements;A.2.3;Les installations de Chauffage – Ventilation – Climatisation;;Chaudières;;Chaudière Individuelle de type condensation < 30 KW;;17;;;;;BAR-TH-106
165;Guide de durée de vie d'un matériel .pdf;8;3;A.2;Installations et équipements;A.2.3;Les installations de Chauffage – Ventilation – Climatisation;;Chaudières;;Chaudière Individuelle de type condensation > 30 KW ou dans bâtiment de grande taille;;22;;;;;
166;Guide de durée de vie d'un matériel .pdf;8;4;A.2;Installations et équipements;A.2.3;Les installations de Chauffage – Ventilation – Climatisation;;Chaudières;;Chaudière de type basse consommation P < 30 KW;;15;;;;;
167;Guide de durée de vie d'un matériel .pdf;8;5;A.2;Installations et équipements;A.2.3;Les installations de Chauffage – Ventilation – Climatisation;;Chaudières;;Chaudière de type basse consommation P > 30 KW ou dans bâtiment de grande taille;;20;;;;;
168;Guide de durée de vie d'un matériel .pdf;8;6;A.2;Installations et équipements;A.2.3;Les installations de Chauffage – Ventilation – Climatisation;;Chaudières;;Chaudière individuelle de type biomasse;;17;;;;;BAR-TH-113
169;Guide de durée de vie d'un matériel .pdf;8;7;A.2;Installations et équipements;A.2.3;Les installations de Chauffage – Ventilation – Climatisation;;Chaudières;;Chaudière murale;8;10;12;;;;
170;Guide de durée de vie d'un matériel .pdf;8;8;A.2;Installations et équipements;A.2.3;Les installations de Chauffage – Ventilation – Climatisation;;Chaudières;;Chaudière au sol moyenne puissance;10;12;15;;;;
171;Guide de durée de vie d'un matériel .pdf;8;9;A.2;Installations et équipements;A.2.3;Les installations de Chauffage – Ventilation – Climatisation;;Chaudières;;Chaudière gaz TF 120-300 kW;15;20;25;;;;
172;Guide de durée de vie d'un matériel .pdf;8;10;A.2;Installations et équipements;A.2.3;Les installations de Chauffage – Ventilation – Climatisation;;Chaudières;;Chaudière grande puissance;20;25;30;;;;
173;Guide de durée de vie d'un matériel .pdf;8;11;A.2;Installations et équipements;A.2.3;Les installations de Chauffage – Ventilation – Climatisation;;Chaudières;;Bruleur gaz;;20;;;;;
174;Guide de durée de vie d'un matériel .pdf;8;12;A.2;Installations et équipements;A.2.3;Les installations de Chauffage – Ventilation – Climatisation;;Chaudières;;Bruleur fuel;;20;;;;;
175;Guide de durée de vie d'un matériel .pdf;8;13;A.2;Installations et équipements;A.2.3;Les installations de Chauffage – Ventilation – Climatisation;;Conduits de fumée;;Conduit de fumée autostable;;30;;;;;
176;Guide de durée de vie d'un matériel .pdf;8;14;A.2;Installations et équipements;A.2.3;Les installations de Chauffage – Ventilation – Climatisation;;Conduits de fumée;;Conduits chauds (Carneaux);;10;;;;;
177;Guide de durée de vie d'un matériel .pdf;8;15;A.2;Installations et équipements;A.2.3;Les installations de Chauffage – Ventilation – Climatisation;;Conduits de fumée;;Cheminée;;50;;;;;
178;Guide de durée de vie d'un matériel .pdf;8;16;A.2;Installations et équipements;A.2.3;Les installations de Chauffage – Ventilation – Climatisation;;Echangeurs de chaleur;;Echangeur tube cuivre ou inox;;10;20;;;;
179;Guide de durée de vie d'un matériel .pdf;8;17;A.2;Installations et équipements;A.2.3;Les installations de Chauffage – Ventilation – Climatisation;;Echangeurs de chaleur;;Echangeur à plaques;;20;30;;;;
180;Guide de durée de vie d'un matériel .pdf;8;18;A.2;Installations et équipements;A.2.3;Les installations de Chauffage – Ventilation – Climatisation;;Echangeurs de chaleur;;Récupérateur de chaleur à condensation;;11;;;;;BAR-TH-122
181;Guide de durée de vie d'un matériel .pdf;8;19;A.2;Installations et équipements;A.2.3;Les installations de Chauffage – Ventilation – Climatisation;Distribution de chaleur :;Robinetterie;;Vannes, robinets, filtres, clapets < DN 50;5;10;15;;;;
182;Guide de durée de vie d'un matériel .pdf;8;20;A.2;Installations et équipements;A.2.3;Les installations de Chauffage – Ventilation – Climatisation;Distribution de chaleur :;Robinetterie;;Vannes, robinets, filtres, clapets ≥ DN 50;15;20;25;;;;
183;Guide de durée de vie d'un matériel .pdf;8;21;A.2;Installations et équipements;A.2.3;Les installations de Chauffage – Ventilation – Climatisation;Distribution de chaleur :;Robinetterie;;Soupapes de sureté;;10;15;;;;
184;Guide de durée de vie d'un matériel .pdf;8;22;A.2;Installations et équipements;A.2.3;Les installations de Chauffage – Ventilation – Climatisation;Distribution de chaleur :;Tuyauterie;;Eau et Vapeur;;25;30;;;;
185;Guide de durée de vie d'un matériel .pdf;8;23;A.2;Installations et équipements;A.2.3;Les installations de Chauffage – Ventilation – Climatisation;Distribution de chaleur :;Tuyauterie;;Condensats;;12;18;;;;
186;Guide de durée de vie d'un matériel .pdf;8;24;A.2;Installations et équipements;A.2.3;Les installations de Chauffage – Ventilation – Climatisation;Distribution de chaleur :;Pompes;;Circulateur chauffage;;10;15;;;;
187;Guide de durée de vie d'un matériel .pdf;8;25;A.2;Installations et équipements;A.2.3;Les installations de Chauffage – Ventilation – Climatisation;Distribution de chaleur :;Pompes;;Pompe chauffage sur socle;;15;25;;;;
188;Guide de durée de vie d'un matériel .pdf;8;26;A.2;Installations et équipements;A.2.3;Les installations de Chauffage – Ventilation – Climatisation;Distribution de chaleur :;Expansion et accessoires;;Vase d'expansion à membrane;;12;;;;;
189;Guide de durée de vie d'un matériel .pdf;8;27;A.2;Installations et équipements;A.2.3;Les installations de Chauffage – Ventilation – Climatisation;Distribution de chaleur :;Expansion et accessoires;;Maintien de pression pneumatique;;15;;;;;
190;Guide de durée de vie d'un matériel .pdf;8;28;A.2;Installations et équipements;A.2.3;Les installations de Chauffage – Ventilation – Climatisation;Distribution de chaleur :;Expansion et accessoires;;Maintien de pression hydraulique;;20;;;;;
191;Guide de durée de vie d'un matériel .pdf;8;29;A.2;Installations et équipements;A.2.3;Les installations de Chauffage – Ventilation – Climatisation;Distribution de chaleur :;Calorifuge et revêtement extérieur;;Calorifuge échangeurs;;15;;;;;
192;Guide de durée de vie d'un matériel .pdf;8;30;A.2;Installations et équipements;A.2.3;Les installations de Chauffage – Ventilation – Climatisation;Distribution de chaleur :;Calorifuge et revêtement extérieur;;Isolation d'un réseau hydraulique de chauffage ou d'ECS;;20;;;;;BAR-TH-115/131
193;Guide de durée de vie d'un matériel .pdf;8;31;A.2;Installations et équipements;A.2.3;Les installations de Chauffage – Ventilation – Climatisation;Terminaux de chauffage :;Radiateurs, panneaux rayonnants ou radiants (Emetteur statique).;;Radiateur fonte;25;40;;;;;
194;Guide de durée de vie d'un matériel .pdf;8;32;A.2;Installations et équipements;A.2.3;Les installations de Chauffage – Ventilation – Climatisation;Terminaux de chauffage :;Radiateurs, panneaux rayonnants ou radiants (Emetteur statique).;;Radiateur et convecteur acier (Basse température);15;35;;;;;BAR-TH-110
195;Guide de durée de vie d'un matériel .pdf;8;33;A.2;Installations et équipements;A.2.3;Les installations de Chauffage – Ventilation – Climatisation;Terminaux de chauffage :;Radiateurs, panneaux rayonnants ou radiants (Emetteur statique).;;Radiateur fonte aluminium;;30;;;;;
196;Guide de durée de vie d'un matériel .pdf;8;34;A.2;Installations et équipements;A.2.3;Les installations de Chauffage – Ventilation – Climatisation;Terminaux de chauffage :;Radiateurs, panneaux rayonnants ou radiants (Emetteur statique).;;Robinets manuels;15;30;;;;;
197;Guide de durée de vie d'un matériel .pdf;8;35;A.2;Installations et équipements;A.2.3;Les installations de Chauffage – Ventilation – Climatisation;Terminaux de chauffage :;Radiateurs, panneaux rayonnants ou radiants (Emetteur statique).;;Robinets thermostatique;10;20;;;;;BAR-TH-117
198;Guide de durée de vie d'un matériel .pdf;8;36;A.2;Installations et équipements;A.2.3;Les installations de Chauffage – Ventilation – Climatisation;Terminaux de chauffage :;Convecteurs, aérotherme (Emetteur dynamique).;;Aérotherme, ventilo convecteur et cassettes au plafond;;15;;;;;
199;Guide de durée de vie d'un matériel .pdf;8;37;A.2;Installations et équipements;A.2.3;Les installations de Chauffage – Ventilation – Climatisation;Terminaux de chauffage :;Convecteurs, aérotherme (Emetteur dynamique).;;Ejecto convecteur;;20;25;;;;
200;Guide de durée de vie d'un matériel .pdf;8;38;A.2;Installations et équipements;A.2.3;Les installations de Chauffage – Ventilation – Climatisation;Terminaux de chauffage :;Convecteurs, aérotherme (Emetteur dynamique).;;Vannes de régulation;8;10;12;;;;
201;Guide de durée de vie d'un matériel .pdf;8;39;A.2;Installations et équipements;A.2.3;Les installations de Chauffage – Ventilation – Climatisation;Terminaux de chauffage :;Plancher chauffant.;;Plancher chauffant à eau basse température;;50;;;;;BAR-TH-116
202;Guide de durée de vie d'un matériel .pdf;8;40;A.2;Installations et équipements;A.2.3;Les installations de Chauffage – Ventilation – Climatisation;Production de froid :;Groupes frigorifiques à détente directe;;Compresseur de type ouvert;15;20;25;;;;
203;Guide de durée de vie d'un matériel .pdf;8;41;A.2;Installations et équipements;A.2.3;Les installations de Chauffage – Ventilation – Climatisation;Production de froid :;Groupes frigorifiques à détente directe;;Compresseur de type hermétique;15;20;25;;;;
204;Guide de durée de vie d'un matériel .pdf;8;42;A.2;Installations et équipements;A.2.3;Les installations de Chauffage – Ventilation – Climatisation;Production de froid :;Générateur de production d’eau glacée;;Groupe Carrier à condensation par air 300 à 500 kW;15;20;25;;;;
205;Guide de durée de vie d'un matériel .pdf;8;43;A.2;Installations et équipements;A.2.3;Les installations de Chauffage – Ventilation – Climatisation;Production de froid :;Générateur de production d’eau glacée;;Groupe à pistons;15;18;20;;;;
206;Guide de durée de vie d'un matériel .pdf;8;44;A.2;Installations et équipements;A.2.3;Les installations de Chauffage – Ventilation – Climatisation;Production de froid :;Générateur de production d’eau glacée;;Groupe centrifuge;15;20;25;;;;
207;Guide de durée de vie d'un matériel .pdf;8;45;A.2;Installations et équipements;A.2.3;Les installations de Chauffage – Ventilation – Climatisation;Production de froid :;Générateur de production d’eau glacée;;Groupe à vis;15;18;20;;;;
208;Guide de durée de vie d'un matériel .pdf;8;46;A.2;Installations et équipements;A.2.3;Les installations de Chauffage – Ventilation – Climatisation;Production de froid :;Générateur de production d’eau glacée;;Pompe à huile;10;12;15;;;;
209;Guide de durée de vie d'un matériel .pdf;8;47;A.2;Installations et équipements;A.2.3;Les installations de Chauffage – Ventilation – Climatisation;Production de froid :;Générateur de production d’eau glacée;;Garniture et paliers;5;8;10;;;;
210;Guide de durée de vie d'un matériel .pdf;8;48;A.2;Installations et équipements;A.2.3;Les installations de Chauffage – Ventilation – Climatisation;Production de froid :;Tour de refroidissement, Dry-cooler, condenseur à air;;Tour de refroidissement, condenseur à air;20;30;40;;;;
211;Guide de durée de vie d'un matériel .pdf;8;49;A.2;Installations et équipements;A.2.3;Les installations de Chauffage – Ventilation – Climatisation;Production de froid :;Tour de refroidissement, Dry-cooler, condenseur à air;;Dry-cooler;15;20;25;;;;
212;Guide de durée de vie d'un matériel .pdf;8;50;A.2;Installations et équipements;A.2.3;Les installations de Chauffage – Ventilation – Climatisation;Production de froid :;Récupérateur de chaleur sur groupe de production de froid;;Echangeur tube cuivre ou inox;;10;20;;;;
213;Guide de durée de vie d'un matériel .pdf;8;51;A.2;Installations et équipements;A.2.3;Les installations de Chauffage – Ventilation – Climatisation;Production de froid :;Récupérateur de chaleur sur groupe de production de froid;;Echangeur à plaques;;20;30;;;;
214;Guide de durée de vie d'un matériel .pdf;8;52;A.2;Installations et équipements;A.2.3;Les installations de Chauffage – Ventilation – Climatisation;Distribution de froid :;;;Pompes;;15;25;;;;
215;Guide de durée de vie d'un matériel .pdf;8;53;A.2;Installations et équipements;A.2.3;Les installations de Chauffage – Ventilation – Climatisation;Distribution de froid :;;;Organes de sécurité et de réglages;;10;15;;;;
216;Guide de durée de vie d'un matériel .pdf;8;54;A.2;Installations et équipements;A.2.3;Les installations de Chauffage – Ventilation – Climatisation;Distribution de froid :;;;Expansion et accessoires;12;15;20;;;;
217;Guide de durée de vie d'un matériel .pdf;8;55;A.2;Installations et équipements;A.2.3;Les installations de Chauffage – Ventilation – Climatisation;Distribution de froid :;;;Calorifuge, revêtement extérieur et pare-vapeur;;20;;;;;
218;Guide de durée de vie d'un matériel .pdf;8;56;A.2;Installations et équipements;A.2.3;Les installations de Chauffage – Ventilation – Climatisation;Terminaux :;;;Ventilo-convecteurs, cassettes au plafond …;;15;;;;;
219;Guide de durée de vie d'un matériel .pdf;9;1;A.2;Installations et équipements;A.2.3;Les installations de Chauffage – Ventilation – Climatisation;Installation aérauliques :;Aérothermes;;Rideau d'air chaud;;15;;;;;
220;Guide de durée de vie d'un matériel .pdf;9;2;A.2;Installations et équipements;A.2.3;Les installations de Chauffage – Ventilation – Climatisation;Installation aérauliques :;Centrales de traitement d’air, boites de détente et systèmes de diffusion;;Unité autonome de traitement d'air en toiture (Roof-top);10;15;18;;;;
221;Guide de durée de vie d'un matériel .pdf;9;3;A.2;Installations et équipements;A.2.3;Les installations de Chauffage – Ventilation – Climatisation;Installation aérauliques :;Centrales de traitement d’air, boites de détente et systèmes de diffusion;;CTA simple ou double flux à récupération d'énergie;15;20;25;;;;
222;Guide de durée de vie d'un matériel .pdf;9;4;A.2;Installations et équipements;A.2.3;Les installations de Chauffage – Ventilation – Climatisation;Installation aérauliques :;Centrales de traitement d’air, boites de détente et systèmes de diffusion;;Humidificateur;12;15;18;;;;
223;Guide de durée de vie d'un matériel .pdf;9;5;A.2;Installations et équipements;A.2.3;Les installations de Chauffage – Ventilation – Climatisation;Installation aérauliques :;Centrales de traitement d’air, boites de détente et systèmes de diffusion;;Gaine aéraulique;30;40;;;;;
224;Guide de durée de vie d'un matériel .pdf;9;6;A.2;Installations et équipements;A.2.3;Les installations de Chauffage – Ventilation – Climatisation;Installation aérauliques :;Centrales de traitement d’air, boites de détente et systèmes de diffusion;;Piège à sons;;40;;;;;
225;Guide de durée de vie d'un matériel .pdf;9;7;A.2;Installations et équipements;A.2.3;Les installations de Chauffage – Ventilation – Climatisation;Installation aérauliques :;Ventilateurs d’extraction, VMC;;Caisson d'extraction VMC;20;25;30;;;;
226;Guide de durée de vie d'un matériel .pdf;9;8;A.2;Installations et équipements;A.2.3;Les installations de Chauffage – Ventilation – Climatisation;Installation aérauliques :;Ventilateurs d’extraction, VMC;;Ventilation mécanique contrôlée à double flux;;17;;;;;BAT-TH-126
227;Guide de durée de vie d'un matériel .pdf;9;9;A.2;Installations et équipements;A.2.3;Les installations de Chauffage – Ventilation – Climatisation;Installation aérauliques :;Ventilateurs d’extraction, VMC;;Ventilation mécanique contrôlée (VMC) simple flux hygroréglable;;17;;;;;BAT-TH-125
228;Guide de durée de vie d'un matériel .pdf;9;10;A.2;Installations et équipements;A.2.3;Les installations de Chauffage – Ventilation – Climatisation;Installation aérauliques :;Installations d’extraction de cuisines;;Extracteur cuisine;10;15;18;;;;
229;Guide de durée de vie d'un matériel .pdf;9;11;A.2;Installations et équipements;A.2.3;Les installations de Chauffage – Ventilation – Climatisation;Installation aérauliques :;Installations d’extraction de cuisines;;Hotte cuisson ou laverie;12;15;20;;;;
230;Guide de durée de vie d'un matériel .pdf;9;12;A.2;Installations et équipements;A.2.3;Les installations de Chauffage – Ventilation – Climatisation;Installation aérauliques :;Installations d’extraction d'autres locaux;;Aspiration buanderie;15;20;25;;;;
231;Guide de durée de vie d'un matériel .pdf;9;13;A.2;Installations et équipements;A.2.3;Les installations de Chauffage – Ventilation – Climatisation;Installation aérauliques :;Installations d’extraction d'autres locaux;;Aspiration ateliers;15;20;25;;;;
232;Guide de durée de vie d'un matériel .pdf;9;14;A.2;Installations et équipements;A.2.3;Les installations de Chauffage – Ventilation – Climatisation;Installation aérauliques :;Ventilateurs;;Ventilateur axial;;15;;;;;
233;Guide de durée de vie d'un matériel .pdf;9;15;A.2;Installations et équipements;A.2.3;Les installations de Chauffage – Ventilation – Climatisation;Installation aérauliques :;Ventilateurs;;Ventilateur centrifuge;;15;;;;;
234;Guide de durée de vie d'un matériel .pdf;9;16;A.2;Installations et équipements;A.2.3;Les installations de Chauffage – Ventilation – Climatisation;Installation aérauliques :;Ventilateurs;;Ventilateur hélicoïdal;;15;;;;;
235;Guide de durée de vie d'un matériel .pdf;9;17;A.2;Installations et équipements;A.2.3;Les installations de Chauffage – Ventilation – Climatisation;Installations dites « Autonomes » :;;;Climatiseurs à détente directe type « Windows » ou « Split system »;10;15;20;;;;
236;Guide de durée de vie d'un matériel .pdf;9;18;A.2;Installations et équipements;A.2.3;Les installations de Chauffage – Ventilation – Climatisation;Installations dites « Autonomes » :;;;Split - Multi-split;8;10;15;;;;
237;Guide de durée de vie d'un matériel .pdf;9;19;A.2;Installations et équipements;A.2.3;Les installations de Chauffage – Ventilation – Climatisation;Installations dites « Autonomes » :;;;Armoires autonomes de climatisation, Roof top;10;15;18;;;;
238;Guide de durée de vie d'un matériel .pdf;9;20;A.2;Installations et équipements;A.2.3;Les installations de Chauffage – Ventilation – Climatisation;Pompes à chaleur Air/Air, Air/Eau, Eau/Eau;;;PAC de type Air / Eau;;20;;;;;BAT-TH-113
239;Guide de durée de vie d'un matériel .pdf;9;21;A.2;Installations et équipements;A.2.3;Les installations de Chauffage – Ventilation – Climatisation;Pompes à chaleur Air/Air, Air/Eau, Eau/Eau;;;PAC de type Eau / Eau;;20;;;;;BAT-TH-113
240;Guide de durée de vie d'un matériel .pdf;9;22;A.2;Installations et équipements;A.2.3;Les installations de Chauffage – Ventilation – Climatisation;Régulation et Mesures :;;;GTC, régulations centralisées, régulations terminales;;15;;;;;
241;Guide de durée de vie d'un matériel .pdf;9;23;A.2;Installations et équipements;A.2.3;Les installations de Chauffage – Ventilation – Climatisation;Régulation et Mesures :;;;Régulation par sonde de température extérieure;;15;;;;;
242;Guide de durée de vie d'un matériel .pdf;9;24;A.2;Installations et équipements;A.2.3;Les installations de Chauffage – Ventilation – Climatisation;Régulation et Mesures :;;;Organes de contrôle et de signalisation;;15;;;;;
243;Guide de durée de vie d'un matériel .pdf;9;25;A.2;Installations et équipements;A.2.3;Les installations de Chauffage – Ventilation – Climatisation;Désenfumage – protection incendie :;;;Clapets coupe-feu, trappes de désenfumage;25;30;35;;;;
244;Guide de durée de vie d'un matériel .pdf;9;26;A.2;Installations et équipements;A.2.3;Les installations de Chauffage – Ventilation – Climatisation;Désenfumage – protection incendie :;;;Extracteur / Ventilateurs de désenfumage;20;25;30;;;;
245;Guide de durée de vie d'un matériel .pdf;9;27;A.2;Installations et équipements;A.2.5;Les appareils Elévateurs et Nacelles;Ascenseurs et monte-charges.;;;Ascenseur 630kg - 1000kg;;30;;;;;
246;Guide de durée de vie d'un matériel .pdf;9;28;A.2;Installations et équipements;A.2.5;Les appareils Elévateurs et Nacelles;Ascenseurs et monte-charges.;;;Ascenseur de moins de 630 kg;;25;;;;;
247;Guide de durée de vie d'un matériel .pdf;9;29;A.2;Installations et équipements;A.2.5;Les appareils Elévateurs et Nacelles;Ascenseurs et monte-charges.;;;Monte-charge;;40;;;;;
248;Guide de durée de vie d'un matériel .pdf;9;30;A.2;Installations et équipements;A.2.5;Les appareils Elévateurs et Nacelles;Ascenseurs et monte-charges.;;;Monte-handicapés;;25;;;;;
249;Guide de durée de vie d'un matériel .pdf;9;31;A.2;Installations et équipements;A.2.5;Les appareils Elévateurs et Nacelles;Ascenseurs et monte-charges.;;;Escalier mécanique;15;20;25;;;;
250;Guide de durée de vie d'un matériel .pdf;9;32;A.2;Installations et équipements;A.2.5;Les appareils Elévateurs et Nacelles;Ascenseurs et monte-charges.;;;Quai niveleur;;25;;;;;
251;Guide de durée de vie d'un matériel .pdf;9;33;A.2;Installations et équipements;A.2.5;Les appareils Elévateurs et Nacelles;Ascenseurs et monte-charges.;;;Nacelles de nettoyage et Nacelles autres;15;20;25;;;;
252;Guide de durée de vie d'un matériel .pdf;9;34;A.2;Installations et équipements;A.2.6;Les Portes automatiques, Rideaux, Stores ou Volets roulants motorisés;Barrières et portes automatiques extérieures :;;;Barrières levantes;15;20;25;;;;
253;Guide de durée de vie d'un matériel .pdf;9;35;A.2;Installations et équipements;A.2.6;Les Portes automatiques, Rideaux, Stores ou Volets roulants motorisés;Barrières et portes automatiques extérieures :;;;Portes basculantes, coulissantes, etc.;15;20;25;;;;
254;Guide de durée de vie d'un matériel .pdf;9;36;A.2;Installations et équipements;A.2.6;Les Portes automatiques, Rideaux, Stores ou Volets roulants motorisés;Portes automatiques intérieures :;;;Portes battantes, coulissantes, à tambour, à tourniquet à guillotine, etc.;20;25;30;;;;
255;Guide de durée de vie d'un matériel .pdf;9;37;A.2;Installations et équipements;A.2.6;Les Portes automatiques, Rideaux, Stores ou Volets roulants motorisés;Portes automatiques intérieures :;;;Portes coupe-feu automatiques coulissantes ou pivotantes;20;25;30;;;;
256;Guide de durée de vie d'un matériel .pdf;9;38;A.2;Installations et équipements;A.2.6;Les Portes automatiques, Rideaux, Stores ou Volets roulants motorisés;Protections extérieures :;;;Rideau métallique à lames ou grille à enroulement;25;30;35;;;;
257;Guide de durée de vie d'un matériel .pdf;9;39;A.2;Installations et équipements;A.2.6;Les Portes automatiques, Rideaux, Stores ou Volets roulants motorisés;Protections extérieures :;;;Rideau souple;5;10;15;;;;
258;Guide de durée de vie d'un matériel .pdf;9;40;A.2;Installations et équipements;A.2.6;Les Portes automatiques, Rideaux, Stores ou Volets roulants motorisés;Protections extérieures :;;;Stores extérieurs ou volets roulants à lames;5;10;15;;;;
259;Guide de durée de vie d'un matériel .pdf;9;41;A.2;Installations et équipements;A.2.7;Les systèmes de Sûreté;Poste de contrôle commande;;;Logiciel de contrôle et supervision;5;10;15;;;;
260;Guide de durée de vie d'un matériel .pdf;9;42;A.2;Installations et équipements;A.2.7;Les systèmes de Sûreté;Poste de contrôle commande;;;Serveurs et postes de supervision;5;10;15;;;;
261;Guide de durée de vie d'un matériel .pdf;9;43;A.2;Installations et équipements;A.2.7;Les systèmes de Sûreté;Poste de contrôle commande;;;Ecrans de contrôle et visualisation;5;10;15;;;;
262;Guide de durée de vie d'un matériel .pdf;9;44;A.2;Installations et équipements;A.2.7;Les systèmes de Sûreté;Poste de contrôle commande;;;Câblage du réseau;15;20;25;;;;
263;Guide de durée de vie d'un matériel .pdf;9;45;A.2;Installations et équipements;A.2.7;Les systèmes de Sûreté;Détection intrusion.;;;Contacts de porte;10;15;20;;;;
264;Guide de durée de vie d'un matériel .pdf;9;46;A.2;Installations et équipements;A.2.7;Les systèmes de Sûreté;Détection intrusion.;;;Détecteur de présence;10;15;20;;;;
265;Guide de durée de vie d'un matériel .pdf;9;47;A.2;Installations et équipements;A.2.7;Les systèmes de Sûreté;Détection intrusion.;;;Radars;10;15;20;;;;
266;Guide de durée de vie d'un matériel .pdf;9;48;A.2;Installations et équipements;A.2.7;Les systèmes de Sûreté;Détection intrusion.;;;Barrières infra-rouge;10;15;20;;;;
267;Guide de durée de vie d'un matériel .pdf;9;49;A.2;Installations et équipements;A.2.7;Les systèmes de Sûreté;Détection intrusion.;;;Câbles à chocs;5;10;15;;;;
268;Guide de durée de vie d'un matériel .pdf;9;50;A.2;Installations et équipements;A.2.7;Les systèmes de Sûreté;Détection intrusion.;;;Alarme intrusion;10;15;20;;;;
269;Guide de durée de vie d'un matériel .pdf;9;51;A.2;Installations et équipements;A.2.7;Les systèmes de Sûreté;Contrôle d’accès.;;;Centrale de contrôle d'accès;15;20;25;;;;
270;Guide de durée de vie d'un matériel .pdf;9;52;A.2;Installations et équipements;A.2.7;Les systèmes de Sûreté;Contrôle d’accès.;;;Lecteurs de badge sans contact;10;15;20;;;;
271;Guide de durée de vie d'un matériel .pdf;9;53;A.2;Installations et équipements;A.2.7;Les systèmes de Sûreté;Contrôle d’accès.;;;Lecteurs biométriques;5;10;15;;;;
272;Guide de durée de vie d'un matériel .pdf;9;54;A.2;Installations et équipements;A.2.7;Les systèmes de Sûreté;Contrôle d’accès.;;;Portes et sas à unicité de passage;5;10;15;;;;
273;Guide de durée de vie d'un matériel .pdf;9;55;A.2;Installations et équipements;A.2.7;Les systèmes de Sûreté;Vidéosurveillance;;;Vidéosurveillance sur IP;;7;;;;;
274;Guide de durée de vie d'un matériel .pdf;9;56;A.2;Installations et équipements;A.2.7;Les systèmes de Sûreté;Vidéosurveillance;;;Poste central et moniteurs;5;10;15;;;;
275;Guide de durée de vie d'un matériel .pdf;9;57;A.2;Installations et équipements;A.2.7;Les systèmes de Sûreté;Vidéosurveillance;;;Caméras;5;10;15;;;;
276;Guide de durée de vie d'un matériel .pdf;9;58;A.2;Installations et équipements;A.2.7;Les systèmes de Sûreté;Vidéosurveillance;;;Enregistreur vidéo;;7;;;;;
277;Guide de durée de vie d'un matériel .pdf;9;59;A.2;Installations et équipements;A.2.7;Les systèmes de Sûreté;Alarmes;;;Boitier manuel;15;20;25;;;;
278;Guide de durée de vie d'un matériel .pdf;9;60;A.2;Installations et équipements;A.2.7;Les systèmes de Sûreté;Alarmes;;;Dispositif anti-agression;15;20;25;;;;
279;Guide de durée de vie d'un matériel .pdf;9;61;A.2;Installations et équipements;A.2.7;Les systèmes de Sûreté;Alarmes;;;Sirène, buzzer;10;15;20;;;;
280;Guide de durée de vie d'un matériel .pdf;9;62;A.2;Installations et équipements;A.2.7;Les systèmes de Sûreté;Alarmes;;;Signal lumineux;10;15;20;;;;
281;Guide de durée de vie d'un matériel .pdf;9;63;A.2;Installations et équipements;A.2.7;Les systèmes de Sûreté;Alarmes;;;Télétransmetteur;5;10;15;;;;
282;Guide de durée de vie d'un matériel .pdf;10;1;A.2;Installations et équipements;A.2.8;Les systèmes de Sécurité;Protection Incendie :;;;Centrale de détection Incendie;15;20;25;;;;
283;Guide de durée de vie d'un matériel .pdf;10;2;A.2;Installations et équipements;A.2.8;Les systèmes de Sécurité;Protection Incendie :;;;Détecteurs de fumée;15;20;25;;;;
284;Guide de durée de vie d'un matériel .pdf;10;3;A.2;Installations et équipements;A.2.8;Les systèmes de Sécurité;Protection Incendie :;;;Détecteurs de fumée par aspiration;10;15;20;;;;
285;Guide de durée de vie d'un matériel .pdf;10;4;A.2;Installations et équipements;A.2.8;Les systèmes de Sécurité;Protection Incendie :;;;Réseaux d’alarmes (Coup de poing);20;25;30;;;;
286;Guide de durée de vie d'un matériel .pdf;10;5;A.2;Installations et équipements;A.2.8;Les systèmes de Sécurité;Protection Incendie :;;;Sonorisation.;20;25;30;;;;
287;Guide de durée de vie d'un matériel .pdf;10;6;A.2;Installations et équipements;A.2.8;Les systèmes de Sécurité;Désenfumage – protection incendie (voir A.2.3);;;Portes coupe-feu (parking, entrpôts, …);25;30;35;;;;
288;Guide de durée de vie d'un matériel .pdf;10;7;A.2;Installations et équipements;A.2.8;Les systèmes de Sécurité;Extinction Incendie :;;;Installations et poste de sprinkler sous eau;30;35;40;;;;
289;Guide de durée de vie d'un matériel .pdf;10;8;A.2;Installations et équipements;A.2.8;Les systèmes de Sécurité;Extinction Incendie :;;;Installations et poste de sprinkler sous air;25;30;35;;;;
290;Guide de durée de vie d'un matériel .pdf;10;9;A.2;Installations et équipements;A.2.8;Les systèmes de Sécurité;Extinction Incendie :;;;Poteau incendie DN 100;;40;;;;;
291;Guide de durée de vie d'un matériel .pdf;10;10;A.2;Installations et équipements;A.2.8;Les systèmes de Sécurité;Extinction Incendie :;;;Réseaux de postes Incendie Armés (RIA);20;25;30;;;;
292;Guide de durée de vie d'un matériel .pdf;10;11;A.2;Installations et équipements;A.2.8;Les systèmes de Sécurité;Extinction Incendie :;;;Installation de colonne sèche;30;35;40;;;;
293;Guide de durée de vie d'un matériel .pdf;10;12;A.2;Installations et équipements;A.2.8;Les systèmes de Sécurité;Extinction Incendie :;;;Pompes;20;25;30;;;;
294;Guide de durée de vie d'un matériel .pdf;10;13;A.2;Installations et équipements;A.2.8;Les systèmes de Sécurité;Extinction Incendie :;;;Extincteurs portatifs, mobiles ou fixes (hors recharge).;20;25;30;;;;
295;Guide de durée de vie d'un matériel .pdf;10;14;A.2;Installations et équipements;A.2.8;Les systèmes de Sécurité;Extinction Incendie :;;;Installation de gaz inerte, mousse, brouillard et autres;15;20;25;;;;
296;Guide de durée de vie d'un matériel .pdf;10;15;A.2;Installations et équipements;A.2.9;Les services de Facilities Management;Distribution de Boissons et de Friandises :;;;Fontaine réfrigérée;8;10;12;;;;
297;Guide de durée de vie d'un matériel .pdf;10;16;A.2;Installations et équipements;A.2.9;Les services de Facilities Management;Distribution de Boissons et de Friandises :;;;Distributeurs de denrées;3;6;9;;;;
298;Guide de durée de vie d'un matériel .pdf;10;17;A.2;Installations et équipements;A.2.9;Les services de Facilities Management;Service Courrier :;;;Scanner de documents (courrier ou chèques);3;6;9;;;;
299;Guide de durée de vie d'un matériel .pdf;10;18;A.2;Installations et équipements;A.2.9;Les services de Facilities Management;Service Courrier :;;;Matériel de mise sous plis;3;6;9;;;;
300;Guide de durée de vie d'un matériel .pdf;10;19;A.2;Installations et équipements;A.2.9;Les services de Facilities Management;Service Courrier :;;;Machine à affranchir;3;6;9;;;;
301;Guide de durée de vie d'un matériel .pdf;10;20;A.2;Installations et équipements;A.2.9;Les services de Facilities Management;Service Courrier :;;;Imprimante d’enveloppes;3;6;9;;;;
302;Guide de durée de vie d'un matériel .pdf;10;21;A.2;Installations et équipements;A.2.9;Les services de Facilities Management;Service Courrier :;;;Balance;3;6;9;;;;
303;Guide de durée de vie d'un matériel .pdf;10;22;A.2;Installations et équipements;A.2.9;Les services de Facilities Management;Service de Reprographie :;;;Copieur d’étage;5;10;15;;;;
304;Guide de durée de vie d'un matériel .pdf;10;23;A.2;Installations et équipements;A.2.9;Les services de Facilities Management;Service de Reprographie :;;;Destructeur de documents confidentiels;3;6;9;;;;
305;Guide de durée de vie d'un matériel .pdf;10;24;A.2;Installations et équipements;A.2.9;Les services de Facilities Management;Service de Reprographie :;;;Imprimantes d’étage;3;6;9;;;;
306;Guide de durée de vie d'un matériel .pdf;10;25;A.2;Installations et équipements;A.2.9;Les services de Facilities Management;Service de Reprographie :;;;Massicot;5;10;15;;;;
307;Guide de durée de vie d'un matériel .pdf;10;26;A.2;Installations et équipements;A.2.9;Les services de Facilities Management;Service de Reprographie :;;;Plieuse;5;10;15;;;;
308;Guide de durée de vie d'un matériel .pdf;10;27;A.2;Installations et équipements;A.2.9;Les services de Facilities Management;Service de Reprographie :;;;Relieuse;3;6;9;;;;
309;Guide de durée de vie d'un matériel .pdf;10;28;A.2;Installations et équipements;A.2.9;Les services de Facilities Management;Mobilier;;;Sièges, caissons;10;15;20;;;;
310;Guide de durée de vie d'un matériel .pdf;10;29;A.2;Installations et équipements;A.2.9;Les services de Facilities Management;Mobilier;;;Tables, armoires;10;15;20;;;;
